Compound_ID,structure,tPSA,CLogP,text
HW180005,CNS(=O)(=O)C1=CC=C(NC2=CC=CC(C(F)(F)F)=C2)C(C2=CN(C)C=N2)=C1,73.8,3.96023,HEK293T IC50 (nM)=9.851(20.7)
HW180001,CNS(=O)(=O)C1=CC=C(NCC2=CC=CC=C2)C(C2=CN(C)C=N2)=C1,73.8,2.45851,"HEK293T IC50 (nM)=69.88(6.358),
Top=75.85%"
HW180004,CNS(=O)(=O)C1=CC=C(NC2=NC=C(OC(F)(F)F)C=C2)C(C2=CN(C)C=N2)=C1,95.39,3.52366,"HEK293T IC50 (nM)=38.51(36.97),Top=65.70%
HEK293T IC50 (nM)=46.67(20.7)"
HW180002,CNS(=O)(=O)C1=CC=C(NCC2=CC=C(C(F)(F)F)C=C2)C(C2=CN(C)C=N2)=C1,73.8,3.34151,"HEK293T IC50 (nM)=45.51(16.54)
MCF-7 IC50 (nM)=52.01(34.6),Top=79.88%;
61.6(35.3),Top=75%, 39.35,top=69.7%
H226 IC50 (nM)=15.2(7.9), Top=63%; 
14.6(9.5), Top=71%; 24.8, Top=51%; 20.9;
 25, Top=57%
Fu (%) H/R/Mou/D/Mon= 0.67/0.60/1.85/0.4/0.8
MMS(T1/2 min)H/R/Mou/D/Mon
 63/16/22/19/22
Solubility(ug/ml):803/FaSSGF (pH 1.6); 
2.58/FaSSIF (pH 6.5); 0.0062/PBS (pH 7.4)
% of CYP inhibition(2C9/2D6/3A4M/3A4T, 10uM)=55.3/19.9/-19/30.5
hERG IC50>30 uM
AUC0-t(h*ng/ml=3538(Mouse),1569(rat),661(dog)"
HW180003,CNS(=O)(=O)C1=CC=C(NC2=NC=C(C(F)(F)F)C=C2)C(C2=CN(C)C=N2)=C1,86.16,3.03334,"HEK293T IC50 (nM)=28.47,23.76,16.54,20.7,49.03
H226 IC50 (nM)=32.63, 20.45, 24.93,2.082, 2.928, 10.99
9.28, 10.3, 5.91, 12.40, 10.29, 6.043
MCF-7 IC50 (nM)=23.35, 53.69,49.19,37.11, 19.47, 34.6, 36.9
Fu (%) H/R/Mou/D/Mon= 0.74/1.01/0.69/0.83/1.37
MMS(T1/2 min)H/R/Mou/D/Mon
                     198766/172/193/287/381
% of CYP inhibition(2C9/2D6/3A4M/3A4T, 10uM)=
 31.47/-22.93/-23.90/5.03
Solubility(ug/ml):549.63/FaSSGF (pH 1.6); 2.66/FaSSIF (pH 6.5); 0.53/PBS (pH 7.4)
AUC0-t(h*ng/ml=38613(Mouse),14651(rat),20204.71(dog)"
"HW180010
 (VT-104)",CC(NC(=O)C1=CC2=CC=CC(C3=CC=C(C(F)(F)F)C=C3)=C2C=C1)C1=CC=CC=N1,41.46,5.586,"HEK293T IC50 (nM)=36.55(20.7)
H226 IC50 (nM)=20.78(32.63)"
HW180006,CC(C)NC(=O)C1=CC2=CC=CC(OC3=CC=C(C(F)(F)F)C=C3)=C2C=C1,38.33,5.854,HEK293T IC50 (nM)=43.26(20.7)
HW180007,CS(=O)(=O)NC(=O)C1=CC2=CC=CC(OC3=CC=C(C(F)(F)F)C=C3)=C2C=C1,72.47,4.966,MCF-7 IC50 (nM)=16.64(53.69)Top=50.43%
HW180008(K-975),C=CC(=O)NC1=CC=C(C)C(OC2=CC=C(CL)C=C2)=C1,38.33,4.726,"H2052 IC50 (nM)=20.05,Top=88.5%
HEK293T IC50 (nM)=11.85(36.97),Top=25.26%
HEK293T IC50 (nM)=16.44(47.78),wuxi
H226 IC50 (nM)=25.24(32.63)
H226  IC50 (nM)=38.57(Staurosporine47.24)
MCF-7 IC50 (nM)=18.28(23.35)13.70(53.69)"
HW180009,CC(NC(=O)C1=CC2=CC=CC(OC3=CC=C(C(F)(F)F)C=C3)=C2C=C1)C1=CC=CC=N1,50.69,5.796,HEK293T IC50 (nM)=3505.81(49.03)
HW180012 (VT-103),CNS(=O)(=O)C1=CC=C(NC2=CC=C(C(F)(F)F)C=C2)C(C2=CN(C)C=N2)=C1,,,"MCF-7 IC50(nM)=9.48(61.34), 18.70(19.47)
H226 IC50 (nM)=3.75(10.31), 2.26(12.40)
H2052 IC50(nM)=1.743(6.061)
AUC0-t(h*ng/ml=30059.7(Mouse)13664.94(rat)
Fu (%) H/R/Mou/D/Mon= 0.303/0.454/0.592/0.600/0.460
MMS(T1/2 min)H/R/Mou/D/Mon
                     ?//190.04/459.42/?//264.20"
HW180014,CC1(C2=NN=C(C3=C(NC4=CC=C(C(F)(F)F)C=C4)N=CC=N3)O2)CCNC1=O,99.8,1.19816,H226  IC50 (nM)=9.796(6.043)
HW180011,CC1(C2=NN=C(C3=C(NC4=CC=C(C(F)(F)F)C=C4)N=CC=C3)O2)CCNC1=O,87.44,1.75858,"MCF-7 IC50 (nM)=5.54(53.69)Top=83.59%
H226 IC50 (nM)=6.131(20.45), 10.61(10.99),
AUC0-t(h*ng/ml=32276.85(Mouse)24914.76(rat)
Fu (%) H/R/Mou/D/Mon= 0.646/1.08/0.776/0.894/0.934
MMS(T1/2 min)H/R/Mou/D/Mon
                     315.27/336.53/92.07/360.70/66.24"
HW180013,CN(C#N)CC1=NN=C(C2=C(NC3=CC=C(C(F)(F)F)C=C3)N=CC=C2)O1,85.37,2.27458,H226  IC50 (nM)=16.33(6.043)
HW180011-P1,CC1(C2=NN=C(C3=C(NC4=CC=C(C(F)(F)F)C=C4)N=CC=C3)O2)CCNC1=O,87.44,1.75858,"MCF-7 IC50 (nM)=4.94(41.89)
H226 IC50 (nM)=21.7(9.28)
AUC0t(h*ng/ml=64416(Mouse)28538(rat)
15177.22(dog, 5mpk)
Fu (%) H/R/Mou/D/Mon= 0.577/0.939/0.556/0.512/1.00
Solubility(ug/ml):9.13/FaSSGF (pH 1.6); 9.43/FaSSIF (pH 6.5); 0.18/PBS (pH 7.4)"
"HW180018
  (VT-107)",CC(NC(=O)C1=CC2=CC=CC(C3=CC=C(C(F)(F)F)C=C3)=C2C=C1)C1=CC=CC(N)=N1,67.48,5.259,
HW180019,C=CC(=O)NCC1=NN(C2=CC=C(OC(F)(F)F)C=C2)C2=C1C(C(O)CO)=CC=N2,106.75,0.722821,"P1: H226 IC50 (nM)=15.6(30.7)
P2: H226 IC50 (nM)=16.7(30.7)
,25(180002:21.7)
hERG IC50 = 7.98uM
AUC0-t(h*ng/ml)=18395(mou),F%=103
MMS(T1/2 min)H/R/Mou/D/Mon
823/681/384/∞/280
Solubility(ug/ml):8.4/FaSSGF (pH 1.6); 
13.1/FaSSIF (pH 6.5); 3.3/PBS (pH 7.4) *"
HW180017,CNS(=O)(=O)C1=CN=C(NCC2=CC=C(C(F)(F)F)C=C2)C(C2=CN(C)C=N2)=C1,86.16,3.44894,"MCF-7 IC50 (nM)=111.16(34.6), Top=89.5%
H226 IC50 (nM)=21(7.9), Top=63%
hERG IC50= 6.86 uM
Solubility(ug/ml):750/FaSSGF (pH 1.6); 5.83/FaSSIF (pH 6.5); 0.055/PBS (pH 7.4)"
HW180020,C=C(F)C(=O)N1CC(N2C(=O)N(C3=CC=C(C(F)(F)F)C=C3)C3=C2N=CC=N3)C1,68.58,3.04995,"H226 IC50 (nM)=27(180002:49.2),Top=80%
hERG IC50 = 22.52uM
Solubility(ug/ml):7.3/FaSSGF (pH 1.6); 6.08/FaSSIF (pH 6.5); 3.79/PBS (pH 7.4)"
HW180016,C=C(F)C(=O)N1CC(N2N=C(C3=CC=C(C(F)(F)F)C=C3)C3=C2N=CC=C3)C1,48.27,3.9268,"MCF-7 IC50 (nM)=8.59(48.02), Top=85.93%"
HW181005,CN1C=NC(C2=CC(N=S(C)(C)=O)=CC=C2NC2=NC=C(C(F)(F)F)C=C2)=C1,,,HEK293T IC50 (nM)>1000(20.7)
HW181004,CN1C=NC(C2=CC(NS(C)(=O)=O)=CC=C2NC2=NC=C(C(F)(F)F)C=C2)=C1,86.16,2.96129,"HEK293T IC50 (nM)=86.53(6.358),Top=65.62%
H226  IC50 (nM)=177.5(Staurosporine47.24)"
HW181002,CNS(=O)(=O)C1=CC=C(NCC2=CC=C(S(F)(F)(F)(F)F)C=C2)C(C2=CN(C)C=N2)=C1,73.8,3.69151,"MCF-7 IC50 (nM)=5045(23.35), 2617(35.51)
H226  IC50 (nM)=338.24(Staurosporine47.24)"
HW181001,CNS(=O)(=O)C1=CC=C(NC2=NC=C(S(F)(F)(F)(F)F)C=C2)C(C2=CN(C)C=N2)=C1,,,"HEK293T IC50 (nM)=23.09(16.54)
MCF-7 IC50 (nM)=85.55(31.61)
H226  IC50 (nM)=19.02(10.29)
Fu (%) H/R/Mou/D/Mon= 0.23/0.30/0.29/0.21/0.87
% of CYP inhibition(2C9/2D6/3A4M/3A4T, 10uM)=
 41.85/8.04/-2.45/19.37
CYP(2C9)IC50 (uM)=29.82
AUC0-t(h*ng/ml=26601(Mouse),10654(Rat)
MMS(T1/2 min)H/R/Mou/D/Mon
                     ?//127.99/397.95/1693.63/407.20"
HW181003,CN1C=NC(C2=CC(S(C)(=N)=O)=CC=C2NC2=NC=C(C(F)(F)F)C=C2)=C1,,2.34497,"HEK293T IC50 (nM)=1033(20.7)
HEK293T IC50 (nM)=963.68(49.03)"
HW181011,CC#CC1=CN=C(NC2=CC=C(S(=O)(=O)NC)C=C2C2=CN(C)C=N2)C=C1,86.16,2.82203,"H226 IC50 (nM)=1042,Top=49.87%
HEK293T IC50 (nM)=832.2(36.97),Top=52.74%
HEK293T IC50 (nM)=814.8(20.7)"
HW181009,CN1C=NC(C2=CC(C3(NS(C)(=O)=O)COC3)=CC=C2NC2=NC=C(C(F)(F)F)C=C2)=C1,95.39,3.10137,"HEK293T IC50 (nM)=3065(6.358),Top=27.12%"
HW181008,CNS(=O)(=O)C1=CC=C(NCC23CC(F)(C2)C3)C(C2=CN(C)C=N2)=C1,73.8,2.2136,"HEK293T IC50 (nM)=645.26(49.03),Top=57.50%"
HW181006,CN1C=NC(C2=CC(C(=O)NS(C)(=O)=O)=CC=C2NC2=NC=C(C(F)(F)F)C=C2)=C1,103.23,2.8033,"HEK293T IC50 (nM)=69.21(6.358),Top=53.00%
H226  IC50 (nM)=>5000(Staurosporine47.24)"
HW181015,CNS(=O)(=O)C1=CC=C(NC2=NC=C(C(F)(F)F)C=C2)C(C2=CN(C)C(C)=N2)=C1,86.16,3.30234,"H226 IC50 (nM)=31.58,Top=77.35%
HEK293T IC50 (nM)=27.99(36.97),Top=58.27%
HEK293T IC50 (nM)=28.52(20.7)"
HW181021,CN1C=NC(C2=CC3=C(C=C2NC2=NC=C(C(F)(F)F)C=C2)CNS3(=O)=O)=C1,86.16,2.8139,HEK293T IC50 (nM)=13253.19(49.03)
HW181020,CNS(=O)(=O)C1=CC=C2C(=C1)C1=CN(C)N=C1CN2C1=NC=C(C(F)(F)F)C=C1,77.37,2.96651,MCF-7 IC50 (nM)=4098.32(41.89)
HW181016,CNS(=O)(=O)C1=CC=C(NC2=NC=C(C(F)(F)F)C=C2)C(C2=CN(C)N=N2)=C1,98.52,2.35311,"HEK293T IC50 (nM)>1000(6.358)
H226 IC50 (nM)=3928(10.99)"
HW181012,CNS(=O)(=O)C1=CC=C2C(=C1)N(C)C(=O)CN=C2C1=CC=C(C(F)(F)F)C=C1,78.84,2.256,HEK293T IC50 (nM)>1000(16.54)
HW181029,CNS(=O)(=O)C1=CC=C(NC2=CC=CC(S(F)(F)(F)(F)F)=C2)C(C2=CN(C)C=N2)=C1,73.8,4.07251,"HEK293T IC50 (nM)=7.248(16.54)
Fu (%) H/R/Mou/D/Mon= 0.11/0.16/0.14/0.12/0.59
AUC0-t(h*ng/ml=5423(Mouse)"
HW181027,CNS(=O)(=O)C1=CC=C(NC2=NC=C(C(F)(F)F)C=C2)C(C2=CN3CCCC3=N2)=C1,86.16,3.31734,"HEK293T IC50 (nM)=24.31(20.7)
H226 IC50 (nM)=21.9(32.63)
MCF-7 IC50 (nM)=14.42(23.35), Top=68.17%
Fu (%) H/R/Mou/D/Mon= 0.56/0.68/0.53/0.46/0.95
AUC0-t(h*ng/ml=31789(Mouse),
,1172.69(rat),14987.96(dog)
MMS(T1/2 min)H/R/Mou/D/Mon                 805.16/25.18/133.33/535.19/118.21"
HW181028,CNS(=O)(=O)C1=CC=C(NC2=NC=C(C(F)(F)F)C=C2)C(C2=CN3CCOCC3=N2)=C1,95.39,2.28334,"HEK293T IC50 (nM)=63.41(49.03)Top=56.75%
MCF-7 IC50 (nM)=72.44(23.35), Top=68.76%
H226  IC50 (nM)=55.13(Staurosporine47.24)
AUC0-t(h*ng/ml=21178.45(Mouse)5983.22(rat)
Fu (%) H/R/Mou/D/Mon= 0.942/1.28/0.726/0.985/0.984
MMS(T1/2 min)H/R/Mou/D/Mon
                     1569.52/64.25/174.28/-/160.68"
HW181026,CNS(=O)(=O)C1=CC=C(NC2=CC=C(S(F)(F)(F)(F)F)C=C2)C(C2=CN(C)C=N2)=C1,,,"HEK293T IC50 (nM)=14.58(6.358),Top=88.26%
HEK293T IC50 (nM)=17.2(16.54)
H226 IC50 (nM)=71.9(32.63),22.93(20.45)
MCF-7 IC50 (nM)=69.09(23.35),Top=89.05%; 32.33(53.69),Top=87.57%
H226  IC50 (nM)=17.50(Staurosporine47.24)
Fu (%) H/R/Mou/D/Mon= 0.08/0.12/0.08/0.07/0.24
MMS(T1/2 min)H/R/Mou/D/Mon:  ?/148.82/348.48/207.63/202.08
AUC0-t(h*ng/ml=25047(Mouse),9548(rat),
17853.80(dog),98116.34(50mpk Mouse)
78766.28(200mpk rat), 40026.65(50mpk rat)
94674.61(100mpk rat),98641.50(150mpk rat)
Solubility(ug/ml):64.18/FaSSGF (pH 1.6); 2.82/FaSSIF (pH 6.5); <0.0094/PBS (pH 7.4)"
HW181032,CC(NC(=O)C1=CC2=CC=CC(C3=CC=C(OC(F)(F)F)C=C3)=C2N=C1)C1=CC=CC=N1,,,"MCF-7 IC50 (nM)=359.7(23.35)
H226  IC50 (nM)=93.57(Staurosporine47.24)"
HW181035,CC(NC(=O)C1=CN2C(OC3=CC=C(C(F)(F)F)C=C3)=CC=CC2=N1)C1=NC=CC=C1,,,"MCF-7 IC50 (nM)=113.7(23.35)
H226  IC50 (nM)=82.69(Staurosporine47.24)"
HW181036,CNS(=O)(=O)C1=CN=C(NC2=CC=C(S(F)(F)(F)(F)F)C=C2)C(C2=CN(C)C=N2)=C1,86.16,4.17994,"MCF-7 IC50 (nM)=441.8(23.35)
H226  IC50 (nM)=34.75(Staurosporine47.24)
H226  IC50 (nM)=16.74(6.043)"
HW181037,CC(=O)NC1CCN2N=C(C3=CC=CN=C3NC3=CC=C(C(F)(F)F)C=C3)C=C12,,,
HW181031,CC(NC(=O)C1=CC2=C(C=C1)N(C1=CC=C(C(F)(F)F)C=C1)C(=O)C=C2)C1=CC=CC=N1,,,MCF-7 IC50 (nM)=655.4(53.69)
HW181042,CNS(=O)(=O)C1=CN=C(NC2=CC=CC(S(F)(F)(F)(F)F)=C2)C(C2=CN(C)C=N2)=C1,86.16,4.17994,"H226  IC50 (nM)=25.64(Staurosporine47.24)
MCF-7 IC50 (nM)=62.02(53.69), Top=83.50%
AUC0-t(h*ng/ml=15565.51(Mouse)3453.99(rat)"
HW181041,COCC1CN2C=C(C3=CC=CN=C3NC3=CC=C(C(F)(F)F)C=C3)N=C2C(=O)N1,,,
HW181038,COC(=O)NC1CCN2N=C(C3=CC=CN=C3NC3=CC=C(C(F)(F)F)C=C3)C=C12,,,
HW181039,COC(=O)NC1CCN2C=C(C3=CC=CN=C3NC3=CC=C(C(F)(F)F)C=C3)N=C12,78.32,3.44993,H226  IC50 (nM)=9612(6.043)
HW181040,COCC1CN2N=C(C3=CC=CN=C3NC3=CC=C(C(F)(F)F)C=C3)C=C2C(=O)N1,,,"MCF-7 IC50 (nM)=10175.76 (14.94)
H226 IC50 (nM)=4097.41(6.22)"
HW181045,CNS(=O)(=O)C1=CC=C(NC2=NC=C(C(F)(F)F)C=C2)C(C2=CN3CC(C)CC3=N2)=C1,86.16,3.83634,"MCF-7 IC50 (nM)=39.9(49.19)
H226  IC50 (nM)=5.72(2.082),27.69(10.99)
MMS(T1/2 min)H/R/Mou/D/Mon                
 399.34/41.66/99.58/909.08/197.92
AUC0-t(h*ng/ml=4320.2(rat),6169.4(mou)"
HW181044,CNS(=O)(=O)C1=CC=C(NC2=NC=C(C(F)(F)F)C=C2)C(C2=CN3CC(F)CC3=N2)=C1,86.16,3.16034,
HW181043,CNS(=O)(=O)C1=CC=C(NC2=NC=C(C(F)(F)F)C=C2)C(C2=CN3C(=N2)CCC3C)=C1,,,"MCF-7 IC50 (nM)=61.13(53.69), Top=56.26%
AUC0-t(h*ng/ml=1860.46(rat)"
HW181047,CNS(=O)(=O)C1=CC=C(NC2=CC=C(S(F)(F)(F)(F)F)C=C2)C(C2=NN=C(C)O2)=C1,92.15,3.0838,"MCF-7 IC50 (nM)=1237.63(49.19)
H226 IC50 (nM)=175.3(10.38)"
HW181046,CNS(=O)(=O)C1=CC=C(NC2=NC=C(C(F)(F)F)C=C2)C(C2=CN3CC(O)CC3=N2)=C1,,,
HW181052,CNS(=O)(=O)C1=CC=C(NC2=NC=C(C(F)(F)F)C=C2)C(C2=NN3CCCC3=C2)=C1,86.16,3.41714,"MCF-7 IC50(nM)=14(37.11)
H226 IC50 (nM)=45.43(10.99)
AUC0-t(h*ng/ml=619.2(rat)
MMS(T1/2 min)H/R/Mou/D/Mon:  
348.74/12.37/88.47/271.69/11.50"
HW181048,CNS(=O)(=O)C1=CC=C(NC2=CC=C(S(F)(F)(F)(F)F)C=C2)C(C2=NN(C)C(C)=N2)=C1,86.16,3.60737,"H226 IC50 (nM)=18.21(24.93)
MCF-7 IC50(nM)=27.53(49.19)
Fu (%) H/R/Mou/D/Mon= 0.22/0.268/0.194/0.242/1.56
MMS(T1/2 min)H/R/Mou/D/Mon:  
178.30/105.29/170.73/274.94/144.60
Solubility(ug/ml):0.72/FaSSGF (pH 1.6); 0.55/FaSSIF (pH 6.5); <0.01/PBS (pH 7.4)
AUC0-t(h*ng/ml)=28663.76(Mouse)8743.75(rat)"
HW181050,CNS(=O)(=O)C1=CC=C(NC2=CC=C(S(F)(F)(F)(F)F)C=C2)C(C2=NN(C)C(=O)C=C2)=C1,90.87,3.17157,"MCF-7 IC50 (nM)=1750.06(49.19)
H226 IC50 (nM)=574.7(10.38)"
HW181049,CNS(=O)(=O)C1=CC=C(NC2=CC=C(S(F)(F)(F)(F)F)C=C2)C(C2=NOC(C)=N2)=C1,92.15,3.93223,MCF-7 IC50(nM)=835.43(61.34)
HW181051,CNS(=O)(=O)C1=CC=C(NC2=CC=C(S(F)(F)(F)(F)F)C=C2)C(C2=CN(C)C(=O)C=N2)=C1,90.87,3.14015,MCF-7 IC50 (nM)=3454.18(49.19)
HW181058,CNS(=O)(=O)C1=CC=C(NC2=NC=C(C(F)(F)F)C=C2)C(C2=CN3CCNC(=O)C3=N2)=C1,,,"H226  IC50 (nM)=1912(2.082)
MCF-7 IC50(nM)>1500(37.11)"
HW181056,CNS(=O)(=O)C1=CC=C(NC2=CN=C(C(C)(C)O)C=C2)C(C2=CN3CCCC3=N2)=C1,106.39,1.97703,"MCF-7 IC50 (nM)=753.25(49.19)
H226 IC50 (nM)=662.7(14.39)"
HW181057,CNS(=O)(=O)C1=CC=C(NC2=CC=NC(C(C)(C)O)=C2)C(C2=CN3CCCC3=N2)=C1,106.39,1.97703,"MCF-7 IC50 (nM)=483453(49.19)
H226 IC50 (nM)=8010(18.65)"
HW181055,CNS(=O)(=O)C1=CC=C(NC2=CN=C(OC(F)(F)F)C=C2)C(C2=CN3CCCC3=N2)=C1,95.39,4.20766,"H226 IC50 (nM)=26.20(24.93),10.50(14.39)
MCF-7 IC50 (nM)=14.65(49.19)Top=60.60%
MMS(T1/2 min)H/R/Mou/D/Mon:  
104.45/10.53/43.82/67.29/19.36"
HW181054,CNS(=O)(=O)C1=CC=C(NC2=NC=C(C(F)(F)F)C=C2)C(C2=NC3=C(CCC3)S2)=C1,,,"H226 IC50 (nM)=95.82(10.99)
MCF-7 IC50 (nM)=27.38(41.89)Top=60.60%"
HW181063,CC1(C2=NOC(C3=C(NC4=CC=C(C(F)(F)F)C=C4)N=CC=C3)=N2)CCNC1=O,,,"MCF-7 IC50 (nM)=333.01(42.64)
MCF-7 IC50 (nM)=159.85(56.64)"
HW181064,CC1(C2=NN=C(C3=C(NC4=CC=C(C(F)(F)F)C=C4)N=CC=C3)S2)CCNC1=O,,,"MCF-7 IC50 (nM)=109.28(42.64)
MCF-7 IC50 (nM)=67.62(56.64)"
HW181061,CNS(=O)(=O)C1=CC=C(NC2=NC=C(C(F)(F)F)C=C2)C(C2=CN3CCCOC3=N2)=C1,,,
HW181062,CNS(=O)(=O)C1=CC=C(NC2=NC=C(C(F)(F)F)C=C2)C(C2=CN3CCCCC3=N2)=C1,,,"H226 IC50(nM)=10.35(2.928),45.83(10.99)"
HW181059,CNS(=O)(=O)C1=CC=C(NC2=NC=C(C(F)(F)F)C=C2)C(C2=CN3CCC(F)(F)C3=N2)=C1,86.16,3.48334,"H2052 IC50(nM)=44.82(6.061)
MCF-7 IC50 (nM)=225.81(56.64)"
HW181060,CC(C)NC(=O)C1=CN2C(OC3=CC=C(C(F)(F)F)C=C3)=CC=CC2=N1,,,"MCF-7 IC50 (nM)=185.85(49.19)
H226 IC50 (nM)=169.1(18.65)"
HW181065,CNS(=O)(=O)C1=CC=C(NC2=NC=C(C(F)(F)F)C=C2)C(C2=CN3CC(C)OC3=N2)=C1,95.39,3.81276,"MCF-7 IC50 (nM)=56.05(49.19), 112.69(61.34)Top=67.32%
P1(2015.69, 41.89), P2(49.45, 41.89)Top=57.23%
P1(1997.36, 61.34), P2(129.76, 61.34)
H226 IC50 (nM)=50.04(10.31),P1(199.7, 5.91); P2(24, 5.91);
MMS(T1/2 min)H/R/Mou/D/Mon                
 381.22/70.98/152.64/609.26/-
AUC0-t(h*ng/ml)=8059.15(rat)36301.89(mouse)"
HW181066,CNS(=O)(=O)C1=CC=C(NC2=CC=C(S(F)(F)(F)(F)F)C=C2)C(C2=NN(C)C=N2)=C1,86.16,3.33837,"H226  IC50 (nM)=8.919(2.928)31.11(10.99)
MCF-7 IC50(nM)=76.86(37.11)
Solubility(ug/ml): 1.93/FaSSGF (pH 1.6); 1.78/FaSSIF (pH 6.5); <0.01/PBS (pH 7.4)
Fu (%) H/R/Mou/D/Mon= 0.177/0.328/0.449/0.201/0.411
AUC0-t(h*ng/ml)=11670.46(rat)"
HW181068,CNS(=O)(=O)C1=CC=C(NC2=NC=C(C(F)(F)F)C=C2)C(C2=CN3CCC(C)C3=N2)=C1,86.16,3.83634,"H226  IC50 (nM)=86.88(10.99)
MCF-7 IC50 (nM)=597.47(41.89)"
HW181071,CNS(=O)(=O)C1=CC=C(NC2=NC=C(C(F)(F)F)C=C2)C(C2=CN3C(=N2)CC2CC23)=C1,86.16,3.30234,MCF-7 IC50 (nM)=1608.97(42.64)
HW181069,[H]C1([H])CCN2C=C(C3=CC(S(=O)(=O)NC)=CC=C3NC3=NC=C(C(F)(F)F)C=C3)N=C21,86.16,2.86334,
HW181075,CNS(=O)(=O)C1=CC=C(NC2=NC=C(C(F)(F)F)C=C2)C(C2=CN3CC(C)(C)CC3=N2)=C1,,,MCF-7 IC50(nM)=755.54(61.34)
HW181077,CNS(=O)(=O)C1=CC=C(NC2=NC=C(C(F)(F)F)C=C2)C(C2=CN3CC(C)(C)OC3=N2)=C1,95.39,4.33176,
HW181078,CNS(=O)(=O)C1=CC=C(NC2=NC=C(C(F)(F)F)C=C2)C(C2=CN3CC(C)OC3=N2)=C1,95.39,3.81276,"MCF-7 IC50 (nM)=1428.58(42.64),"
HW181074,CC1(C2=CC3=CC=CC(C4=CC=C(C(F)(F)F)C=C4)=C3C=C2)CCNC1=O,29.1,5.049,MCF-7 IC50 (nM)=467.25(42.64)
HW181073,CC1(C2=CC3=CC=CC(C4=CC=C(C(F)(F)F)C=C4)=C3N=C2)CCNC1=O,41.46,3.762,
HW181072,CNS(=O)(=O)C1=CC=C(NC2=NC=C(C(F)(F)F)C=C2)C(C2=CN3CC4CC4C3=N2)=C1,86.16,3.07234,
HW181083,CC1(C2=NN=C(C3=C(NC4=CC5=C(C=C4)OC(F)(F)O5)N=CC=C3)O2)CCNC1=O,105.9,2.19933,"MCF-7 IC50(nM)=32.44(61.34)
MCF-7 IC50 (nM)=41.76(56.64)
H226 IC50(nM)=20.97(12.40)"
HW181079,CC1(C2=NN=C(C3=C(NC4=CC=C(OC(F)(F)CL)C=C4)N=CC=C3)O2)CCNC1=O,,,"MCF-7 IC50(nM)=12.68(61.34), 12.17(56.64)
540.68(14.95, HW181079A)
H226 IC50(nM)=6.42(12.40)
H226 IC50 (nM)=337.63(6.22)HW181079A
AUC0-t(h*ng/ml=42013.64(mou), 15340.8(rat)
Fu (%) H/R/Mou/D/Mon= 0.236/0.659/0.711/0.963/0.298
Solubility(ug/ml):18.98/FaSSGF (pH 1.6); 4.82/FaSSIF (pH 6.5); 0.13/PBS (pH 7.4)
MMS(T1/2 min)H/R/Mou/D/Mon
                    312.58/212.32/113.99/181.86/21.45
% of CYP inhibition(10 um, 2C9, 2D6, 3A4m, 3A4t): 37.17/2.10/-2.85/-12.30"
HW181079B,CC1(C2=NN=C(C3=C(NC4=CC=C(OC(F)(F)CL)C=C4)N=CC=C3)O2)CCNC1=O,96.67,2.23257,"MCF-7 IC50(nM)=5.07(14.94)
H226 IC50 (nM)=2.77(6.22)
AUC0-t(h*ng/ml=32552.71(mou),
17300(rat), 4319.31(dog)
Fu (%) H/R/Mou/D/Mon= 0.177/0.268/0.142/0.179/0.366"
HW181081,CC1(C2=NN=C(C3=C(NC4=CC=C(C5(C(F)(F)F)CC5)C=C4)N=CC=C3)O2)CCNC1=O,87.44,1.8427,"MCF-7 IC50 (nM)=51.26(42.64),
H226 IC50(nM)=74.24(16.73)"
HW181082,CC1(C2=CC=NC(C3=C(NC4=CC=C(C(F)(F)F)C=C4)N=CC=C3)=N2)CCNC1=O,78.21,2.76207,"H226 IC50(nM)=3843(16.73)
MCF-7 IC50 (nM)=5390(56.64)"
HW181080,CC1(C2=NN=C(C3=C(NC4=CC=C(C5(F)CC5)C=C4)N=CC=C3)O2)CCNC1=O,87.44,1.4427,
HW181089,CNS(=O)(=O)C1=CC=C(NC2=NC=C(C(F)(F)F)C=C2)C(C2=NN3CCCOC3=C2)=C1,95.39,3.34156,
HW181088,CC1(C2=NN=C(C3=CC4=NC=CN4C=C3NC3=CC=C(C(F)(F)F)C=C3)O2)CCNC1=O,90.68,2.00925,MCF-7 IC50 (nM)=1057.24(42.64)
HW181086,CNS(=O)(=O)C1=CC=C(NC2=NC=C(C(F)(F)F)C=C2)C(C2=NN3CCOC3=C2)=C1,95.39,3.18256,
HW181087,CNS(=O)(=O)C1=CC=C(NC2=NC=C(C(F)(F)F)C=C2)C(C2=NN3CC(C)OC3=C2)=C1,95.39,3.70156,
HW181085,CNS(=O)(=O)C1=CC=C(NC2=NC=C(C(F)(F)F)C=C2)C(C2=CN3CC(C)OC3=N2)=C1,95.39,3.81276,"MCF-7 IC50 (nM)=80.88(42.64), 104.75(19.47)
H226 IC50(nM)=69.55(21.48)
AUC0-t(h*ng/ml=11736.9(rat), 16626.2(mou)
Fu (%) H/R/Mou/D= 0.305/0.610/0.468/0.300
Solubility(ug/ml):76.9/FaSSGF (pH 1.6); 21.67/FaSSIF (pH 6.5); 0.0042/PBS (pH 7.4)"
HW181084,CNS(=O)(=O)C1=CC=C(NC2=CN=C(OC(F)(F)F)C=C2)C(C2=CN3CC(C)OC3=N2)=C1,104.62,4.70308,"MCF-7 IC50 (nM)=65.88(42.64), 50.28(19.47)
H226 IC50(nM)=76.06(21.48)
AUC0-t(h*ng/ml= 33512.98(mou)"
HW181091,CNS(=O)(=O)C1=CC=C(NC2=NC=C(C(F)(F)F)C=C2)C(C2=CN3CC(C)OCC3=N2)=C1,95.39,2.80234,"MCF-7 IC50 (nM)=428.24(19.47)
H226 IC50(nM)=35.52(12.40)"
HW181090,CNS(=O)(=O)C1=CC=C(NC2=CC=C(C(F)(F)F)C=C2)C(C2=NN3CCOCC3=C2)=C1,83.03,3.39111,"H226  IC50 (nM)=5.354(6.043)
AUC(0-(h*ng/mL)=39177(mouse)
6750(rat)"
HW181092,CNS(=O)(=O)C1=CC=C(NC2=NC=C(C(F)(F)F)C=C2)C(C2=NN3CC(C)(C)OC3=C2)=C1,95.39,4.22056,
HW181093,CNS(=O)(=O)C1=CC=C(NC2=NC=C(C(F)(F)F)C=C2)C(C2=CN3CC(C(F)(F)F)OC3=N2)=C1,95.39,4.33676,
HW181094,CNS(=O)(=O)C1=CC=C(NC2=NC=C(C(F)(F)F)C=C2)C(C2=NN3CC(C(F)(F)F)OC3=C2)=C1,95.39,4.22556,
"HW181095
MCF-7 IC50 > 10uM",CNS(=O)(=O)C1=CC=C(NC2=NC=C(C(F)(F)F)C=C2)C(C2=NN3CC(F)CC3=C2)=C1,86.16,3.26014,
HW181097,CC1(C2=NN=C(C3=C(NC4=CC=C(C(F)(F)F)S4)N=CC=C3)O2)CCNC1=O,87.44,1.42987,
HW181096,CNS(=O)(=O)C1=CC=C(NC2=CC=C(S(F)(F)(F)(F)F)C=C2)C(C2=CN(C)C=N2)=C1,73.8,4.07251,
HW181098,CNS(=O)(=O)C1=CC=C(NC2=NC=C(C(F)(F)F)C=C2)C(C2=CN3CCOC3=N2)=C1,95.39,3.29376,"MCF-7 IC50 (nM)=166.44(19.47)
H226 IC50(nM)=25.51(12.40)"
HW181100,O=C(NCC1=NC=NC=C1)C1=CC=C2C(=C1)C1=C(N=C3CCCN31)N2C1=CC=C(C(F)(F)F)C=C1,72.66,3.92169,
HW181101,CN1C=NC(C2=CC(C(=O)O)=CC=C2NC2=CC=C(S(F)(F)(F)(F)F)C=C2)=C1,64.93,4.8711,"MCF-7 IC50 (nM)=426.89(19.47)
H226 IC50(nM)=29.01(12.40)"
HW181099,CNS(=O)(=O)C1=CC=C(NC2=NC=C(C(F)(F)F)C=C2)C(C2=CN3CCOCC3=N2)=C1,95.39,2.28334,
HW181102,CN1C=NC(C2=CC(C(=O)NCC3=CC=CC=N3)=CC=C2NC2=CC=C(S(F)(F)(F)(F)F)C=C2)=C1,69.09,4.3854,"MCF-7 IC50 (nM)=898.67(14.94)
H226 IC50 (nM)=26.66(6.22)"
HW181103,CNS(=O)(=O)C1=CC=C(NC2=CC=C(C(F)(F)F)C=C2)C(C2=CN3CC(C)OC3=N2)=C1,83.03,4.73938,"MCF-7 IC50 (nM)=18.57(14.94)
H226 IC50 (nM)=13.01(6.22)
AUC0-t(h*ng/ml=29424(mou), 12293.72(rat)
Fu (%) H/R/Mou/D/Mon= 0.364/0.413/0.195/0.735/0.431
pKa1 = 3.59,pKa2 = 11.64
Solubility(ug/ml):2.94/FaSSGF (pH 1.6);
21.88/FaSSIF (pH 6.5); 0.00025/PBS (pH 7.4)"
HW181105,CC1(N2C=C3C(=N2)C2=C(N=CC=C2)N3C2=CC=C(C(F)(F)F)C=C2)CCNC1=O,,,
HW181107,CNS(=O)(=O)C1=CC=C(NC2=NC=C(C(F)(F)F)C=C2)C(C2=CN3CC(C(F)(F)F)CC3=N2)=C1,86.16,3.46034,"MCF-7 IC50 (nM)=49.86(14.94)
H226 IC50 (nM)=48.25(6.22)"
HW181104,CNS(=O)(=O)C1=CC=C(NC2=NC=C(C(F)(F)F)C=C2)C(C2=CN3CC(F)(F)CC3=N2)=C1,86.16,3.60334,
HW181106,CNS(=O)(=O)C1=CC=C(NC2=NC=C(C(F)(F)F)C=C2)C(C2=CN3CC(C(F)F)OC3=N2)=C1,95.39,3.85876,
HW181111,CN(C#N)CCC1=NN=C(C2=C(NC3=CC=C(OC(F)(F)CL)C=C3)N=CC=C2)O1,,,"MCF-7 IC50 (nM)=27.23(31.61)
H226  IC50 (nM)=13(10.29)(66% inhi)"
HW181112,CNS(=O)(=O)C1=CC=C(NC2=CN=C(OC(F)(F)F)C=C2)C(C2=CN3CC(C)OC3=N2)=C1,104.62,4.70308,"MCF-7 IC50 (nM)=36.85(31.61)
H226  IC50 (nM)=24.15(10.29)
AUC0-t(h*ng/ml=31384.6(mou)
12404.4(Rat)
Fu (%) H/R/Mou/D/Mon= 1.38/1.73/1.64/1.02/1.92"
HW181109,CC1(C2=NN=C(C3=C(NC4=CC=C(OC(F)(F)CL)C=C4)N=CC=N3)O2)CCNC1=O,,,"MCF-7 IC50 (nM)=15.35(31.61)
H226  IC50 (nM)=13(10.29)
AUC0-t(h*ng/ml=54121.8(mou, 10mpk)"
HW181110,CN(C#N)CC1=NN=C(C2=C(NC3=CC=C(OC(F)(F)CL)C=C3)N=CC=C2)O1,,,"MCF-7 IC50 (nM)=94.22(31.61)
H226  IC50 (nM)=26.91(10.29)"
HW181113,CNS(=O)(=O)C1=CC=C(NC2=NC=C(C(F)(F)F)C=C2)C(C2=CN3CC(OC)CC3=N2)=C1,95.39,2.76564,
HW181108,CNS(=O)(=O)C1=CC=C(NC2=NC=C(C(F)(F)F)C=C2)C(C2=CN3CC(C(F)F)CC3=N2)=C1,86.16,2.98234,MCF-7 IC50 (nM)=343.23(31.61)
HW181119,CC1(C2=NN=C(C3=C(NC4=CC=C(OC(F)(F)CL)C=C4)N=CC=N3)O2)CCNC1=O,109.03,1.7443,"H226  IC50 (nM)=8.575(6.043)
MCF-7 IC50 (nM)=31.03(48.02)
AUC0-t(h*ng/ml=79503.4(mou)
25113.88(Rat), 8875(dog)
Fu (%) H/R/Mou/D/Mon=0.6/0.61/2.99/0.51/1.14
hERG IC50=1.78 uM"
HW181115,O=C(O)C1=CC=C2C(=C1)C1=C(N=C3CCCN31)N2C1=CC=C(C(F)(F)F)C=C1,56.14,5.31801,"MCF-7 IC50 (nM)=145.49(31.61)
H226  IC50 (nM)=30.19(10.29)"
HW181114,CC(NC(=O)C1=NC=C(NC2=CC=C(C(F)(F)F)C=C2)C=N1)C1=NC=CC=C1,,,"MCF-7 IC50 (nM)>15000(31.61)
H226  IC50 (nM)>10000(10.29)"
HW181117,O=C1NCC2CC12C1=NN=C(C2=C(NC3=C[C-]=C(OC(F)(F)CL)C=C3)N=CC=C2)O1,96.67,1.24157,H226  IC50 (nM)=190(6.043)
HW181118,CNS(=O)(=O)C1=CC=C(NC2=NC=C(C(F)(F)F)C=C2)C(C2=C(C)N3CCCC3=N2)=C1,,,"H226  IC50 (nM)=34.96(6.043)
MCF-7 IC50 (nM)=405.83(48.02)"
HW181116,O=C1NCCC1(CF)C1=NN=C(C2=C(NC3=CC=C(OC(F)(F)CL)C=C3)N=CC=C2)O1,,,
HW181125,CNS(=O)(=O)C1=CN=C(OC2=CC=C(S(F)(F)(F)(F)F)C=C2)C(C2=CN(C)C=N2)=C1,83.36,3.33695,"H226  IC50 (nM)=19.65(6.043)
MCF-7 IC50 (nM)=547.22(48.02),69.87(34.6),49.4(36.9)
AUC0-t(h*ng/ml=17336(mou)
20613(rat,10mpk), 128649(rat,100mpk),
171121(rat,200mpk),20790(dog,5mpk),58638(dog,25mpk)
Fu (%) H/R/Mou/D/Mon= 0.766/1.40/1.26/0.886/1.68
Solubility(ug/ml):445.79/FaSSGF (pH 1.6); 9.25/FaSSIF (pH 6.5); <0.043/PBS (pH 7.4)
pKa1 = 4.29,pKa2 = 10.68
hERG IC50= 2.03 uM"
HW181122,CC1(C2=NN=C(C3=C(NC4=CC=C(C(F)(F)F)C=C4)N=CC=C3)O2)C(=O)NCC12CC2,87.44,2.07258,
HW181120,CNS(=O)(=O)C1=CC=C(NC2=NC=C(C(F)(F)F)C=C2)C(C2=C(C)N3CC(C)OC3=N2)=C1,95.39,3.78176,H226  IC50 (nM)=100.1(6.043)
HW181121,CNS(=O)(=O)C1=CC=C(NC2=CC=C(C(F)(F)F)C=C2)C(C2=CN3CCOCC3=N2)=C1,83.03,3.21023,"H226  IC50 (nM)=7.932(6.043)
MCF-7 IC50 (nM)=26.03(48.02)
Solubility(ug/ml):36.48/FaSSGF (pH 1.6); 10.86/FaSSIF (pH 6.5); <0.000058/PBS (pH 7.4)"
HW181123,CNS(=O)(=O)C1=CN=C(OC2=CC=C(C(F)(F)F)C=C2)C(C2=CN3CC(C)OC3=N2)=C1,92.59,3.76639,"MCF-7 IC50 (nM)=147.65(34.6), Top=76.98%
H226 IC50 (nM)=46(7.9), Top=81.8%"
HW181124,CNS(=O)(=O)C1=CC=C(SC2=NC=C(C(F)(F)F)C=C2)C(C2=CN3CC(C)OC3=N2)=C1,83.36,4.31719,
HW181131,CN1C=NC(C2=CC(S(=O)(=O)NCCO)=CC=C2NC2=CC=C(S(F)(F)(F)(F)F)C=C2)=C1,94.03,3.499,"MCF-7 IC50 (nM)=326(39.35), Top=74%
H226 IC50 (nM)=143(36.6), Top=50%"
HW181132,CNS(=O)(=O)C1=CN=C(NC2=CC=C(C(F)(F)F)C=C2)C(C2=CN3CC(C)OC3=N2)=C1,,,"MCF-7 IC50 (nM)=813(34.6), Top=82%
H226 IC50 (nM)=67.7(7.9), Top=74%"
HW181129,CN1C=NC(C2=CC(CC(=O)O)=CC=C2NC2=CC=C(S(F)(F)(F)(F)F)C=C2)=C1,64.93,4.1192,"MCF-7 IC50 (nM)=472(36.9)
H226 IC50 (nM)=314(13.8), Top=59.8%"
HW181128,CNS(=O)(=O)C1=CC=C(NC2=CC=C(S(F)(F)(F)(F)F)C=C2)C(C2=CN(C)C(C(C)(C)O)=N2)=C1,94.03,3.74251,"MCF-7 IC50 (nM)=680.48(34.6), Top=86%
H226 IC50 (nM)=79(7.9), Top=74.4%"
HW181130,CN1C=NC(C2=CC(S(=O)(=O)NC3COC3)=CC=C2NC2=CC=C(S(F)(F)(F)(F)F)C=C2)=C1,83.03,4.1996,"MCF-7 IC50 (nM)=894(34.6), Top=94%
H226 IC50 (nM)=487.6(7.9), Top=71.4%"
HW181127,C=C(F)C(=O)NC12CC(N3N=C(C4=CC=C(C(F)(F)F)C=C4)C4=C3N=CC=C4)(C1)C2,,,
HW181137,CNS(=O)(=O)C1=CN=C(OC2=CC=C(S(F)(F)(F)(F)F)C=C2)C(C2=CN(CCOC)C=N2)=C1,92.59,3.26425,"MCF-7 IC50 (nM)=80.7(35.3),Top=63%
H226 IC50 (nM)=47(9.5), Top=83%
AUC0-t(h*ng/ml=1366(mou)"
HW181140,CNS(=O)(=O)C1=CN=C(OC2=CC=C(S(F)(F)(F)(F)F)C=C2)C(C2=CN(C)C=N2)=C1,83.36,3.33695,
HW181139,CNS(=O)(=O)C1=CN=C(OC2=CC=C(S(F)(F)(F)(F)F)C=C2)C(C2=CN(C)C=N2)=C1,83.36,3.33695,
HW181136,CNS(=O)(=O)C1=CN=C(NCC2=CC=C(S(F)(F)(F)(F)F)C=C2)C(C2=CN(C)C=N2)=C1,86.16,3.79894,"MCF-7 IC50=1.3 uM
H226 IC50 (nM)=202(9.5), Top=64%"
HW181138,CNS(=O)(=O)C1=CN=C(NCC2=CC=C(C(F)(F)F)C=C2)C(C2=CN3CC(C)OC3=N2)=C1,95.39,4.2289,"MCF-7 IC50 (nM)=823(36.9),Top=92%
H226 IC50 (nM)=110(13.8), Top=62%
Solubility(ug/ml):34.71/FaSSGF (pH 1.6); 
16.15/FaSSIF (pH 6.5); 0.05/PBS (pH 7.4)"
HW181134,CNS(=O)(=O)C1=CC=C(NC2=NC=C(C(F)(F)F)C=C2)C(C2=NN3CCOCC3=C2)=C1,95.39,2.47314,
HW181146,CNS(=O)(=O)C1=CN=C(NCC23CC(CO2)C3)C(C2=CN(C)C=N2)=C1,95.39,1.20542,MCF-7 IC50 =41.3 uM
HW181145,CNS(=O)(=O)C1=CN=C(NC2CC3C(C2)C3(F)F)C(C2=CN(C)C=N2)=C1,86.16,1.73202,"MCF-7 IC50 (nM)=316(36.9),Top=74%
H226 IC50 (nM)=88(13.8), Top=74%
hERG IC50=5.49 uM
AUC0-t(h*ng/ml=21424(mouF=73.6%)
Solubility(ug/ml):753.5/FaSSGF (pH 1.6); 
20.55/FaSSIF (pH 6.5); 2.89/PBS (pH 7.4)"
HW181142,CNS(=O)(=O)C1=CN=C(OCC2=CC=C(S(F)(F)(F)(F)F)C=C2)C(C2=CN(C)C=N2)=C1,83.36,3.39688,"MCF-7 IC50 (nM)=4172(36.9)
H226 IC50 (nM)=2619(13.8)"
HW181141,O=C(O)CC(O)(CC(=O)O)C(=O)O,,,
HW181144,CNS(=O)(=O)C1=CN=C(NCC2CC3C(C2)C3(F)F)C(C2=CN(C)C=N2)=C1,86.16,2.35102,"MCF-7 IC50 (nM)=116(35.3),Top=80%
H226 IC50 (nM)=23(9.5), Top=78%
AUC0-t(h*ng/ml=3173(mou, F=29.5%)
% of CYP inhibition(2C9/2D6/3A4M/3A4T,
 10uM)= 10.4/16/-18/48
Fu (%) H/R/Mou/D/Mon= 4/2.99/6.3/3.66/5.94
hERG IC50>30 uM
Solubility(ug/ml):803.57/FaSSGF (pH 1.6);
 12.76/FaSSIF (pH 6.5); 1.57/PBS (pH 7.4)"
HW181143,CNS(=O)(=O)C1=CN=C(NCC2=CC=C(C(F)(F)F)C=C2)C(C2=CN(C)C=N2)=N1,98.52,3.32354,"MCF-7 IC50 (nM)=145(35.3),Top=69%
H226 IC50 (nM)=14.2(9.5), Top=63%;
                          40.8(180002:30.4)
AUC0-t(h*ng/ml=29231(mou),8557(Rat)
hERG IC50=9.6 uM
% of CYP inhibition(2C9/2D6/3A4M/3A4T,
 10uM)= 13.6/2.8/-5/19.5
Fu (%) H/R/Mou/D= 0.95/1.34/3.1/0.62
Solubility(ug/ml):25.06/FaSSGF (pH 1.6); 
6.63/FaSSIF (pH 6.5); 0.075/PBS (pH 7.4)"
HW181147,CNS(=O)(=O)C1=CN=C(NCC2=CC=CC(S(F)(F)(F)(F)F)=C2)C(C2=CN(C)C=N2)=C1,86.16,3.79894,"MCF-7 IC50 (nM)=182(35.3),Top=77%
H226 IC50 (nM)=104(9.5), Top=76%"
HW181151,CNS(=O)(=O)C1=CC=C(NCC2=CC=C(C(F)(F)F)C=C2)C(C2=CN3CC(C)OC3=N2)=C1,83.03,4.11988,"MCF-7 IC50 (nM)=39.6(35.3),Top=67%
H226 IC50 (nM)=28.8(9.5), Top=70%
AUC0-t(h*ng/ml)=1619(mou)"
HW181149,CNS(=O)(=O)C1=CN=C(OCC2=CC=CC(S(F)(F)(F)(F)F)=C2)C(C2=CN(C)C=N2)=C1,83.36,3.39688,MCF-7 IC50 (nM)=1526(39.35)
HW181152,CNS(=O)(=O)C1=CN=C(NCC2CC3C(C2)C3(F)F)C(C2=CN(C)C=N2)=C1,86.16,2.35102,"MCF-7 IC50 (nM)=96(39.35),
Top=67%
H226 IC50 (nM)=71.6(36.6), Top=70.5%
AUC0-t(h*ng/ml=386(mou)"
HW181150,CC(=O)NS(=O)(=O)C1=CN=C(OC2=CC=C(S(F)(F)(F)(F)F)C=C2)C(C2=CN(C)C=N2)=C1,100.43,2.19364,MCF-7 IC50 >10 uM
HW181148,CNS(=O)(=O)C1=CN=C(NCC2=CC=CC(C(F)(F)F)=C2)C(C2=CN3CC(C)OC3=N2)=C1,95.39,4.2289,"MCF-7 IC50 (nM)=124(35.3),Top=63%
H226 IC50 (nM)=74.5(9.5), Top=71%"
HW181153,CNS(=O)(=O)C1=CN=C(NC2CC3C(C2)C3(F)F)C(C2=CN(C)C=N2)=C1,86.16,1.73202,"MCF-7 IC50 (nM)=221(39.35), Top=66%
H226 IC50 (nM)=212(36.6), Top=73%"
HW181155,CNS(=O)(=O)C1=CN=C(OC2CC3C(C2)C3(F)F)C(C2=CN(C)C=N2)=C1,83.36,1.40887,MCF-7 IC50 > 10 uM
HW181154,CNS(=O)(=O)C1=CN=C(OC2CC3C(C2)C3(F)F)C(C2=CN(C)C=N2)=C1,83.36,1.40887,MCF-7 IC50 > 10 uM
HW181157,CNS(=O)(=O)C1=CN=C(OC2=CC=C(C(F)(F)F)C=C2)C(C2=CN3CCCC3=N2)=N1,95.72,2.86556,
HW181156,CNS(=O)(=O)C1=CN=C(NCC2=CC=CC(C(F)(F)F)=C2)C(C2=CN3CCCC3=N2)=N1,98.52,3.60754,"H226 IC50 (nM)=25.8(23.8)
hERG IC50=4.84 uM"
HW181158,CNS(=O)(=O)C1=CN=C(NC2CC3C(C2)C3(F)F)C(C2=CN(C)C=N2)=N1,,1.60592,H226 IC50 (nM)=461(21)
HW181164,CNS(=O)(=O)C1=CC=C(OC2CC3C(C2)C3(F)F)C(C2=CN(C)C=N2)=C1,71,1.30697,MCF-7 IC50 > 10 uM
HW181163,CNS(=O)(=O)C1=CC=C(OC2CC3C(C2)C3(F)F)C(C2=CN(C)C=N2)=C1,71,1.30697,MCF-7 IC50 > 10 uM
HW181162,CNS(=O)(=O)C1=CC=C(NC2CC3C(C2)C3(F)F)C(C2=CN(C)C=N2)=C1,73.8,1.6266,"MCF-7 IC50 (nM)=107.7(39.8),Top=88.5%
hERG IC50=3.7 uM"
HW181161,[H]C12CC(F)(F)CC1([H])C2NC1=NC=C(S(=O)(=O)NC)C=C1C1=CN(C)C=N1,86.16,1.73202,H226 IC50 (nM)=190.2(23.8)
HW181160,[H]C12CC(F)(F)CC1([H])C2CNC1=NC=C(S(=O)(=O)NC)C=C1C1=CN(C)C=N1,86.16,2.35102,"MCF-7 IC50 (nM)=184(39.8),Top=79.7%
H226 IC50 (nM)=132.5(23.8)"
HW181159,CNS(=O)(=O)C1=CN=C(OCC2CC3C(C2)C3(F)F)C(C2=CN(C)C=N2)=C1,83.36,2.02787,MCF-7 IC50 = 5.5 uM
HW181170,CNS(=O)(=O)C1=CC=C(NCC2=CC=C(C(F)(F)F)C=C2)C(C2=CN3CCN(C)CC3=N2)=C1,77.04,3.27201,
HW181165,CNS(=O)(=O)C1=CN=C(NCC2(F)CC3C(C2)C3(F)F)C(C2=CN(C)C=N2)=C1,86.16,2.19402,
HW181169,CNS(=O)(=O)C1=CC=C(NCC2=CC=C3OC(F)(F)OC3=C2)C(C2=CN(C)C=N2)=C1,92.26,4.00951,H226 IC50 (nM)=818.5(23.8)
HW181168,CNS(=O)(=O)C1=CC=C(NCC2=CC=C(C(F)(F)F)C=C2)C(C2=CN3CCOCC3=N2)=C1,83.03,2.59151,"MCF-7 IC50 (nM)=112(39.8),Top=46%
H226 IC50 (nM)=104.6(23.8),Top=52%;
66.2((24.8),Top=40%"
HW181166,CNS(=O)(=O)C1=CC=C(NC2CC3C(C2)C3(F)F)C(C2=CN(C)C=N2)=N1,86.16,2.04202,
HW181167,CNS(=O)(=O)C1=CC=C(OC2=CC=C(S(F)(F)(F)(F)F)C=C2)C(C2=CN(C)C=N2)=N1,83.36,3.64695,
HW181171,CNS(=O)(=O)C1=CC=C(NCC2=CC=C(C(F)(F)F)C=C2)C(C2=CN3CC(C)OC3=N2)=N1,95.39,4.5389,"MCF-7 IC50 (nM)=106(49.2),Top=92%
hERG IC50=1.23 uM"
HW181173,CNS(=O)(=O)C1=CC=C(CNC2=CC=C(C(F)(F)F)C=C2)C(C2=CN3CC(C)OC3=N2)=C1,83.03,3.90862,H226 IC50 (nM)=496(180002:25)
HW181172,CNS(=O)(=O)C1=CN=C(NCC2=CC=C(C(F)(F)F)C=C2)C(C2=CN3CC(C)OC3=N2)=N1,107.75,4.10385,"H226 IC50 (nM)=403.9(24.8),Top=46%
177(21),Top=69%"
HW181175,[H]C12CC(F)(F)CC1([H])C2([H])C(C)NC1=NC=C(S(=O)(=O)NC)C=C1C1=CN(C)C=N1,86.16,2.66002,
HW181176,CC1(C2=NN=C(C3=C(NCC4=CC=C(C(F)(F)F)C=C4)N=CC=N3)O2)CCNC1=O,99.8,0.77555,"H226 IC50 (nM)=224(24.8),Top=54%"
HW181174,[H]C1(C(C)NC2=NC=C(S(=O)(=O)NC)C=C2C2=CN(C)C=N2)CC2C(C1)C2(F)F,86.16,2.66002,"H226 IC50 (nM)=362(24.8),Top=62%"
HW181178,CNS(=O)(=O)C1=CC=C(NCC23CCCC2C3)C(C2=CN(C)C=N2)=C1,73.8,2.8596,
HW181177,CNS(=O)(=O)C1=CC=C(NC23CCCC2C3)C(C2=CN(C)C=N2)=C1,73.8,2.2406,
HW181180,CNS(=O)(=O)C1=CC=C(NCC23CCCCC2C3)C(C2=CN(C)C=N2)=C1,73.8,3.41551,
HW181179,CNS(=O)(=O)C1=CC=C(NC23CCCCC2C3)C(C2=CN(C)C=N2)=C1,73.8,2.79651,
HW181181-P2,CNS(=O)(=O)C1=CC=C(NCC2=CC=C(C(F)(F)F)C=C2)C(C2=CN3CC4CC4C3=N2)=C1,73.8,3.38051,"H226 IC50 (nM)=88(180002:25),Top=60%
MCF-7 IC50 (nM)=85.5(49.2),Top=68%
hERG IC50>3 uM"
HW181181-P1,CNS(=O)(=O)C1=CC=C(NCC2=CC=C(C(F)(F)F)C=C2)C(C2=CN3CC4CC4C3=N2)=C1,73.8,3.38051,"H226 IC50 (nM)=158(180002:25),Top=55%"
HW181184,CNS(=O)(=O)C1=CN=C(OC2=CC=C(S(F)(F)(F)(F)F)C=C2)C(C2=CN(C(F)F)C=N2)=C1,83.36,3.63295,H226 IC50 (nM)=415(180002:25)
HW181182,CNS(=O)(=O)C1=CN=C(NCC2=CC=CC(C(F)F)=C2)C(C2=CN(C)C=N2)=N1,98.52,2.63554,H226 IC50 (nM)=444(21)
HW181186,C=C(F)C(=O)N1CC(N2N=C(C3=C(F)C=C(SC(F)(F)F)C=C3)C3=C2N=CC=C3)C1,48.27,4.90806,
HW181185,CNS(=O)(=O)C1=CN=C(NCC2=CC=C(F)C(C(F)F)=C2)C(C2=CN(C)C=N2)=N1,98.52,2.77854,H226 IC50 (nM)=183(180002:25)
HW181183,CNS(=O)(=O)C1=CN=C(NCC2=CC=CC(C(F)(F)F)=C2)C(C2=CN(C)C=N2)=N1,98.52,3.32354,"H226 IC50 (nM)=47.5(21)
hERG IC50=2.1 uM"
HW181187,CNS(=O)(=O)C1=CN=C(OC2=CC=C(S(F)(F)(F)(F)F)C=C2)C(C2=CN(CC(F)F)C=N2)=C1,83.36,3.91195,H226 IC50 (nM)=306(180002:25)
HW181189,CNS(=O)(=O)C1=CC(F)=C(NCC2=CC=C(C(F)(F)F)C=C2)C(C2=CN3CC(C)OC3=N2)=C1,83.03,4.28755,"H226 IC50 (nM)=40(180002:25),Top=57%
MCF-7 IC50 (nM)=88.8(49.2),Top=99.6%
hERG IC50 = 5.4uM
AUC0-t(h*ng/ml)=3267(mou)"
HW181190,CNS(=O)(=O)C1=C(F)C=C(NCC2=CC=C(C(F)(F)F)C=C2)C(C2=CN3CC(C)OC3=N2)=C1,83.03,4.28755,H226 IC50 (nM)=135(180002:25)
HW181188,CNS(=O)(=O)C1=CC=C(NCC2=CC=C(C(F)(F)F)C=C2)C(C2=CN3CC(C)OC3=N2)=C1F,83.03,4.28755,"H226 IC50 (nM)=82(180002:25),Top=47%
MCF-7 IC50 (nM)=103(49.2),Top=57%"
HW181191,CNS(=O)(=O)C1=CN=C(OC2=CC=C(S(F)(F)(F)(F)F)C=C2)C(C2=CN(CCS(C)(=O)=O)C=N2)=C1,117.5,2.11555,H226 IC50>10uM
HW181193,[H]C12CCC(F)(F)C1([H])C2CNC1=NC=C(S(=O)(=O)NC)C=C1C1=CN(C)C=N1,86.16,2.35102,"H226 IC50 (nM)=110(180002:47.3)
AUC0-t(h*ng/ml)=529(mou)"
HW181192,CNS(=O)(=O)C1=CN=C(NCC2(C)CC3C(C2)C3(F)F)C(C2=CN(C)C=N2)=C1,86.16,2.87002,"H226 IC50 (nM)=26(180002:32),Top=35%
29(180002:30),Top=43%"
HW181197,CNS(=O)(=O)N1C=C(NC2=CC=C(C(F)(F)F)C=C2)C(C2=CN(C)C=N2)=N1,89.4,2.42962,
HW181196,CNS(=O)(=O)N1C=C(C2=CN(C)C=N2)C(NC2=CC=C(C(F)(F)F)C=C2)=N1,89.4,2.21962,H226 IC50>10uM
HW181194,[H]C([H])([H])NS(=O)(=O)C1=CN=C(OC2=CC=C(S(F)(F)(F)(F)F)C=C2)C(C2=CN(C)C=N2)=C1,83.36,2.65595,"H226 IC50 (nM)=49.3(180002:47.3)
AUC0-t(h*ng/ml)=16672(mou)"
HW181199,CCNC(=O)C1=NN(C2=CC=C(C(F)(F)F)C=C2)C2=CC=C(C(=O)O)C=C21,82,3.99086,H226 IC50=1.8uM
HW181198,CCNC(=O)C1=NN(C2=CC=C(C(F)(F)F)C=C2)C2=CC=C(S(=O)(=O)NC)C=C21,90.87,3.09175,H226 IC50=308nM
HW181195,CNS(=O)(=O)C1=CC=C(NCC2=CC=C(C(F)(F)F)C=C2)C(C2=CN(CC3=CC=C[N+]([O-])=C3)C=N2)=C1,,,H226 IC50=8.1uM
HW182006,O=C(O)C1=CC=C2C(=C1)C(C(=O)NCC1=CC=CN=N1)=CN2C1=CC=C(C(F)(F)F)C=C1,94.36,3.74409,
HW182002,CNS(=O)(=O)C1=CC=C2C(=C1)C(C)=NN2CC1=CC=C(C(F)(F)F)C=C1,61.77,3.97504,H226 IC50 (nM)=3397
HW182005,CNS(=O)(=O)C1=CC=C2C(=C1)C(C(=O)NCC1=CC=CN=N1)=CN2CC1=CC=C(C(F)(F)F)C=C1,103.23,2.24091,
HW182004,CNS(=O)(=O)C1=CC=C2C(=C1)C(C(=O)NCC1=CC=CN=N1)=CN2C1=CC=C(C(F)(F)F)C=C1,103.23,2.8867,H226 IC50=8.7uM
HW182001,CNS(=O)(=O)C1=CC=C(NCC2=CC=C(C(F)(F)F)C=C2)C2=NN(C)C=C12,73.8,2.87134,H226 IC50 (nM)=8354
HW182003,CNS(=O)(=O)C1=C2C=NN(C)C2=C(NCC2=CC=C(C(F)(F)F)C=C2)C=C1,,,
HW183001,C=CC(=O)NCC1=NN(C2=CC=C(SC(F)(F)F)C=C2)C2=C1C(C(O)CO)=CC=N2,97.52,1.23299,"H226 IC50 (nM)=15.3(180002:30.4),Top=83%
P1:H226 IC50 (nM)=49.6(180002:30.5)
P1:H226 IC50 (nM)=46.6(180002:30.5)
MMS(T1/2 min)H/R/Mou/D/Mon
210/253/163/859/32
AUC0-t(h*ng/ml)=5169(mou)
hERG IC50 =2uM
Solubility(ug/ml):0.47/FaSSGF (pH 1.6); 
5.43/FaSSIF (pH 6.5); 0.29/PBS (pH 7.4)"
HW181200,CNS(=O)(=O)C1=CN=C(NCC2(C(F)(F)F)CC3C(C2)C3(F)F)C(C2=CN(C)C=N2)=C1,86.16,2.49402,
HW183004,C=C(F)C(=O)N1CC(N2C(=O)N(C3=CC=C(SC(F)(F)F)C=C3)C3=C2C(C(O)CO)=CC=C3)C1,84.32,3.7938,
HW183002,C=C(F)C(=O)N1CC(C2=NN(C3=CC=C(SC(F)(F)F)C=C3)C3=C2C(C(O)CO)=CC=N3)C1,88.73,1.83699,"H226 IC50 (nM)=25.7(180002:49.2),Top=79%"
HW183003,C=CC(=O)NCC1=NN(C2=CC=C(SC(F)(F)F)C=C2)C2=C1C(CO)=CC=N2,77.29,2.58619,"H226 IC50 (nM)=17(180002:49.2),Top=73%"
HW183009,C=CC(=O)NCC1=NN(C2=CC=C(C(F)(F)F)C=C2)C2=C1C=C(P(C)(C)=O)C=C2,61.77,1.02641,H226 IC50 (nM)=3323(180002:49.2)
HW183008,C=CC(=O)NCC1=NN(C2=CC=C(OC(F)(F)F)C=C2)C2=C1C(P(C)(C)=O)=CC=N2,83.36,0.0340196,"H226 IC50 (nM)=40.7×6(180002:49.2)
                          177(180002:21.7)
Solubility(ug/ml):223/ (pH 1.6); 
407/ (pH 6.5); 150/ (pH 7.4)"
HW183007,C=C(F)C(=O)N1CC(N2N=C(C3=CCC(C(F)(F)F)CC3)C3=C2C(C(O)CO)=CC=N3)C1,,1.31962,
HW183006,C=C(F)C(=O)N1CC(C2=NN(C3=CC=C(C(F)(F)F)C=C3)C3=C2C(S(C)(=N)=O)=CC=N3)C1,89.19,1.32425,"H226 IC50 (nM)=22(180002:13)
AUC0-t(h*ng/ml)=266(mou)
hERG IC50 = 2.8 uM"
HW183005,C=CC(=O)NCC1=NN(C2=CCC(C(F)(F)F)CC2)C2=C1C(C(O)CO)=CC=N2,,,*
HW183012,C=CC(=O)N1CCC2(C1)C(=O)N(C1=CC=C(C(F)(F)F)C=C1)C1=C2C=CC=C1,40.62,2.652,"H226 IC50 (nM)=90.4(180002:49.2),Top=74%
P1:  IC50 > 10uM
P2:  IC50 (nM)=62.7(180002:21.7)
AUC0-t(h*ng/ml)=1196(mou)
Solubility(ug/ml):3.6/ (pH 1.6); 
11.5/ (pH 6.5); 2.9/ (pH 7.4)"
HW183014,C=C(F)C(=O)N1CC(C2=NN(C3=CC=C(C(F)(F)F)C=C3)C3=C2C(CS(C)(=N)=O)=CC=C3)C1,76.83,2.84541,
HW183011,C=CC(=O)N1CCC2(CC1)C(=O)N(C1=CC=C(C(F)(F)F)C=C1)C1=C2N=CC=C1,52.98,0.991,H226 IC50 (nM)=57(180002:17)
HW183010,C=CC(=O)N1CC2(C1)CN(C1=CC=C(OC(F)(F)F)C=C1)C1=C2C(C(O)CO)=CC=N1,85.6,1.57435,
HW183013,C=CC(=O)NCC1=NN(C2=CC=C(OC(F)(F)F)C=C2)C2=C1C(S(C)(=N)=O)=CC=N2,107.21,0.98402,H226 IC50 (nM)=520(180002:38)
HW183016,C=CC(=O)N1CCC2(C1)CN(C1=CC=C(C(F)(F)F)C=C1)C1=C2C=CC=C1,23.55,4.9159,"H226 IC50 (nM)=134(180002:38)
AUC0-t(h*ng/ml)=7903(mou)"
HW183015,C=CC(=O)N1CCC2(C1)C(=O)N(C1=CC=C(OC(F)(F)F)C=C1)C1=C2C=CC=C1,49.85,2.797,H226 IC50 (nM)=113(180002:21.7)
HW183017,C=C(F)C(=O)N1CC(C2=NN(C3=CC=C(OC(F)(F)F)C=C3)C3=C2C(P(C)(C)=O)=CC=N3)C1,74.57,0.63802,"H226 IC50 (nM)=50(180002:21.7)
AUC0-t(h*ng/ml)=14400(mou),16542(Rat),6327(Dog)
Fu (%) H/R/Mou/D/Mon= 1.93/2.35/2.49/1.71/2.49
hERG IC50=4.5 uM
MMS(T1/2 min)H/R/Mou/D/Mon
64/233/75/135/40
Solubility(ug/ml):9.3/ (pH 1.6); 94/ (pH 6.5); 6.9/ (pH 7.4)"
HW183019,C=CC(=O)N1CCC2(C1)C(=O)N(C1=CC=C(C(F)(F)F)C=C1)C1=C2N=CC=C1,52.98,1.155,"H226 IC50 (nM)=66.3(180002:38)
Solubility(ug/ml):103/(pH 1.6); 149/(pH 6.5); 64/(pH 7.4)
AUC0-t(h*ng/ml)=1368(mou,F%=128.6)"
HW183018,C=CC(=O)N1CCC2(C1)C(=O)N(C1=CC=C(C(F)(F)F)C=C1)C1=C2C=CC=N1,52.98,1.155,"H226 IC50 (nM)=56(180002:38)
AUC0-t(h*ng/ml)=1287(mou)"
HW183021,C=C(F)C(=O)N1CC(C2=NN(C3=CC=C(C(F)(F)F)C=C3)C3=C2C(P(=O)(CC)CC)=CC=N3)C1,65.34,1.27225,
HW183020,C=CC(=O)N1CCC2(C1)C(=O)N(C1=CC=C(C(F)(F)F)C=C1)C1=C2N=CC=N1,65.34,0.198,"H226 IC50 (nM)=412(180002:38)
Solubility(ug/ml):874/(pH 1.6); 776/(pH 6.5); 478/(pH 7.4)"
HW183023,C=C(F)C(=O)N1CC(N2N=C(C3=CC=C(C(F)(F)F)C=C3)C3=C2C(P(C)(C)=O)=CC=N3)C1,65.34,1.5068,H226 IC50 (nM)=25.4(180002:46.7)
HW183024,C=C(F)C(=O)N1CC(N2C(=O)N(C3=CC=C(C(F)(F)F)C=C3)C3=C2C(P(C)(C)=O)=CC=N3)C1,73.29,1.24858,"H226 IC50 (nM)=346((180002:23),176(180002:13)"
HW183022,C=C(F)C(=O)N1CC(C2=NN(C3=CC=C(C(F)(F)F)C=C3)C3=C2C(P(C)(C)=O)=CC=N3)C1,65.34,0.374251,H226 IC50 (nM)=30.3(180002:46.7)
HW183029,C=C(F)C(=O)N1CC2(C1)C(=O)N(C1=CC=C(C(F)(F)F)C=C1)C1=C2N=CC=C1,52.98,1.872,"H226 IC50 (nM)=152.6(180002:46.7), 200((180002:23)
AUC0-t(h*ng/mL)=38304(mou),22979(Rat)
hERG IC50 > 30 uM
Solubility(ug/ml):563/ (pH 1.6); 584/ (pH 6.5); 345/ (pH 7.4)"
HW183027,C=C(F)C(=O)N1CC(N2N=C(C3=CCC(C(F)(F)F)CC3)C3=C2C(P(C)(C)=O)=CC=N3)C1,65.34,0.630824,"H226 IC50 (nM)=40.6((180002:46.7)
AUC0-t(h*ng/ml)=2194(mou)"
HW183026,C=CC(=O)N1CC2(C1)C(=O)N(C1=CC=C(C(F)(F)F)C=C1)C1=C2N=CC=C1,52.98,1.319,H226 IC50 (nM)=852(180002:46.7);218(41)
HW183025,C=C(F)C(=O)N1CC(C2=NN(C3=CC=C(OC(F)(F)F)C=C3)C3=C2C(P(C)(C)=O)=CC=C3)C1,62.21,1.88182,H226 IC50 (nM)=70.6(180002:46.7)
HW183028,C=CC(=O)N1CCCC2(C1)C(=O)N(C1=CC=C(C(F)(F)F)C=C1)C1=C2N=CC=C1,52.98,1.714,H226 IC50 (nM)>10uM(180002:46.7)
HW183032,C=CC(=O)N1CC2(CC1CO)C(=O)N(C1=CC=C(C(F)(F)F)C=C1)C1=C2N=CC=C1,73.21,0.6622,
HW183034,CC#CC(=O)N1CC(C2=NN(C3=CC=C(OC(F)(F)F)C=C3)C3=C2C(P(C)(C)=O)=CC=C3)C1,62.21,1.13382,H226 IC50 (nM)=170((180002:23)
HW183031,C=C(F)C(=O)N1CCC2(C1)C(=O)N(C1=CC=C(C(F)(F)F)C=C1)C1=C2N=CC=C1,52.98,1.708,"H226 IC50 (nM)=114(180002:13)
AUC0-t(h*ng/ml)=4191(mou)"
HW183033,CN(C)CC=CC(=O)N1CC(C2=NN(C3=CC=C(OC(F)(F)F)C=C3)C3=C2C(P(C)(C)=O)=CC=C3)C1,65.45,1.64682,H226 IC50 (nM)=1071((180002:23)
HW183030,C=C(F)C(=O)N1CC(C2=NN(C3=CC=C(C(F)(F)F)C=C3)C3=C2C(C(=O)O)=CC=N3)C1,85.57,3.1032,H226 IC50 (nM)=1729(180002:13)
HW183035,O=C(N1CC(O)C1)N1CCC2(C1)C(=O)N(C1=CC=C(C(F)(F)F)C=C1)C1=C2N=CC=C1,76.45,1.5245,H226 IC50 > 10 uM
HW183039,C=CC(=O)N1CCC2(CC1)C(=O)N(C1=CC=C(C(F)(F)F)C=C1)C1=C2C(C(O)CO)=CC=C1,81.08,0.546801,"H226 IC50 (nM)=181(180002:80),174(32)
Solubility(ug/ml):76/ (pH 1.6); 193/ (pH 6.5); 77/ (pH 7.4)"
HW183037,CS(=O)(=O)N1CC2(C1)C(=O)N(C1=CC=C(C(F)(F)F)C=C1)C1=C2N=CC=C1,70.05,0.994,H226 IC50 > 10uM
HW183036,O=C(N1CC(O)C1)N1CC2(C1)C(=O)N(C1=CC=C(C(F)(F)F)C=C1)C1=C2N=CC=C1,76.45,1.75,
HW183038,CNS(=O)(=O)N1CC2(C1)C(=O)N(C1=CC=C(C(F)(F)F)C=C1)C1=C2N=CC=C1,82.08,0.714,H226 IC50 (nM)=1934(180002:13)
HW183040A,C=CC(=O)NC1CC2(C1)C(=O)N(C1=CC=C(C(F)(F)F)C=C1)C1=C2N=CC=C1,61.77,0.295,"H226 IC50 (nM)=21(180002:13)
AUC0-t(h*ng/mL)=1186(mou)"
HW183040B,C=CC(=O)NC1CC2(C1)C(=O)N(C1=CC=C(C(F)(F)F)C=C1)C1=C2N=CC=C1,61.77,0.295,H226 IC50 (nM)=90(180002:13)
HW183041B,C=C(F)C(=O)NC1CC2(C1)C(=O)N(C1=CC=C(C(F)(F)F)C=C1)C1=C2N=CC=C1,61.77,0.848,H226 IC50 (nM)=898(180002:13)
HW183041A,C=C(F)C(=O)NC1CC2(C1)C(=O)N(C1=CC=C(C(F)(F)F)C=C1)C1=C2N=CC=C1,61.77,0.848,H226 IC50 (nM)=224(180002:13)
HW183042,C=C(F)C(=O)N1CC(N2N=C(C3=CC=C(C(F)(F)F)C=C3)C3=C2C(S(C)(=N)=O)=CC=C3)C1,76.83,3.39949,"H226 IC50 (nM)=19(180002:17)
Fu (%) H/R/Mou/D/Mon= 0.89/1.15/1.05/1.07/1.26"
HW183043,O=C(C1CC(O)C1)N1CCC2(C1)C(=O)N(C1=CC=C(C(F)(F)F)C=C1)C1=C2N=CC=C1,73.21,0.919999,H226 IC50 > 10 uM
HW183044,C=C(F)C(=O)N1CC(C2=NN(C3=CC=C(C(F)(F)F)C=C3)C3=C2C(S(C)(=N)=O)=CC=C3)C1,76.83,2.58041,"H226 IC50 (nM)=120(180002:80),117(32)"
HW183047,C=CC(=O)N1CC(N2N=C(C3=CC=C(C(F)(F)F)C=C3)C3=C2C(S(C)(=N)=O)=CC=C3)C1,76.83,2.84649,"H226 IC50 (nM)=41(180002:17)
AUC0-t(h*ng/mL)=2854(mou)
Fu (%) H/R/Mou/D/Mon= 2.39/3.51/2.83/3.35/2.90"
HW183046,CN(C)C(=O)N1CC(C2=NN(C3=CC=C(C(F)(F)F)C=C3)C3=C2C(S(C)(=N)=O)=CC=C3)C1,80.07,2.24841,H226 IC50 > 10 uM
HW183045,C=CC(=O)N(C)C1CC2(C1)C(=O)N(C1=CC=C(C(F)(F)F)C=C1)C1=C2N=CC=C1,52.98,0.711001,"H226 IC50 (nM)=16(180002:17)
AUC0-t(h*ng/mL)=2441(mou)
Fu (%) H/R/Mou/D/Mon= 11.1/14.1/10.6/10.2/13.8
Solubility(ug/ml):20.5/ (pH 1.6); 55/ (pH 6.5); 55.7/ (pH 7.4)"
HW183048,C=CC(=O)N1CCC2(C1)C(=O)N(C1=CC=C(C(F)(F)F)C=C1)C1=C2C=C(C(O)CO)C=C1,81.08,0.7108,H226 IC50 (nM)=1950(180002:41)
